Reversed left context;Reversed center;Left context;Center;Punct;Right context;Title;Author;Birthday;Header;Created;Sphere;Type;Topic;Publication;Publ_year;Medium;Ambiguity;Full context
 доп кешылырк хынирук яинелвотогирп ялд; мыртсо ;для приготовления куриных крылышек под ; острым ; ; соусом надо приготовить маринад.;«Даша» делится секретами -- побалуй близких вкусным обедом! // «Даша», 2004;;;«Даша» делится секретами -- побалуй близких вкусным обедом!;2004;нехудожественная, публицистика;рецепт;дом и домашнее хозяйство;«Даша»;2004;журнал;омонимия снята;Сначала для приготовления куриных крылышек под острым соусом надо приготовить маринад. [«Даша» делится секретами -- побалуй близких вкусным обедом! // «Даша», 2004] [омонимия снята]
 ,цереп йикдалс ,ьрибми ,осям еонриж; йыртсо ;жирное мясо, имбирь, сладкий перец, ; острый ; ; перец, всяческие приправы.;Григорий Тарасевич. Фейжоада: кастрюля бразильской истории // «Русский репортер», 2014;Григорий Тарасевич;;Фейжоада: кастрюля бразильской истории;2014;нехудожественная, публицистика;статья;дом и домашнее хозяйство;«Русский репортер»;2014;журнал;омонимия не снята;Туда отправляем мелко нарезанными репчатый лук, копченый бекон или сырое жирное мясо, имбирь, сладкий перец, острый перец, всяческие приправы. [Григорий Тарасевич. Фейжоада: кастрюля бразильской истории // «Русский репортер», 2014] [омонимия не снята]
 ,ьного ― ещбоов уреткарах оп; йыртсо ;по характеру вообще ― огонь, ; острый ; ; перец! ;Дина Рубина. Русская канарейка. Блудный сын (2014);Дина Рубина;1953;Русская канарейка. Блудный сын;2014;художественная;роман;_;;;книга;омонимия не снята;А по характеру вообще ― огонь, острый перец!  [Дина Рубина. Русская канарейка. Блудный сын (2014)] [омонимия не снята]
 митэ к апутсод еморК; мыртсо ;Кроме доступа к этим ; острым ; ; блюдам, протест не принесет ничего.;Виктор Пелевин. Бэтман Аполло (2013);Виктор Пелевин;1962;Бэтман Аполло;2013;художественная;роман;_;;;книга;омонимия не снята;Кроме доступа к этим острым блюдам, протест не принесет ничего. [Виктор Пелевин. Бэтман Аполло (2013)] [омонимия не снята]
 с ― енатсикаП в ,имарамьлак; мыртсо ;кальмарами, в Пакистане ― с ; острым ; ; соусом карри.;Александра Дараган. «Хлеб, помидор, сыр... и что-нибудь ещё» // «Зеркало мира», 2012;Александра Дараган;;«Хлеб, помидор, сыр... и что-нибудь ещё»;2012;нехудожественная, публицистика;статья;дом и домашнее хозяйство, история, производство;«Зеркало мира»;2012;журнал;омонимия не снята;В Японии, что естественно для морской страны, любят пиццу с угрями и кальмарами, в Пакистане ― с острым соусом карри. [Александра Дараган. «Хлеб, помидор, сыр... и что-нибудь ещё» // «Зеркало мира», 2012] [омонимия не снята]
 еонноицидарт ( ичмик и ищово; еортсо ;овощи и кимчи ( традиционное ; острое ; ; блюдо из овощей).;Михаил Мореходов. Тондоса: храм, музей, школа // «Наука и религия», 2011;Михаил Мореходов;;Тондоса: храм, музей, школа;2011;нехудожественная, публицистика;заметка;образование, религия, строительство и архитектура;«Наука и религия»;2011;журнал;омонимия не снята;В шесть часов дежурные подают скромный завтрак: рис, варёные овощи и кимчи ( традиционное острое блюдо из овощей). [Михаил Мореходов. Тондоса: храм, музей, школа // «Наука и религия», 2011] [омонимия не снята]
" и еынёлос ,ыданирам ,ыноьлуб ;одакова"; еыртсо ;"авокадо; бульоны, маринады, солёные и "; острые ; ;" блюда, консервы, пряности; продукты, содержащие";коллективный. Дополнения к статье // «Наука и жизнь», 2008;коллективный;;Дополнения к статье;2008;нехудожественная, публицистика;информационное сообщение;здоровье и медицина;«Наука и жизнь»;2008;журнал;омонимия не снята;"Рыба, морепродукты, икра, яйца, грибы, орехи, мёд, шоколад, кофе, какао, овощи, фрукты и ягоды ярко- красного и оранжевого цвета, а также киви, ананасы, авокадо; бульоны, маринады, солёные и острые блюда, консервы, пряности; продукты, содержащие красители, консерванты; газированные напитки, квас; квашеная капуста, редька, редис, некоторые сыры, ветчина, сосиски, пиво [коллективный. Дополнения к статье // «Наука и жизнь», 2008] [омонимия не снята]"
 алавыдалкбо ьтсалв яаньлетизарбоос ,адварП; еортсо ;Правда, сообразительная власть обкладывала ; острое ; ; блюдо своим пресным гарниром, и;С. Б. Рассадин. Книга прощаний. Воспоминания о друзьях и не только о них (2004-2008);С. Б. Рассадин;1935;Книга прощаний. Воспоминания о друзьях и не только о них;2004-2008;нехудожественная, публицистика;мемуары;администрация и управление, искусство и культура, частная жизнь;;;книга;омонимия не снята;Правда, сообразительная власть обкладывала острое блюдо своим пресным гарниром, и вспоминаю звонок из далекого города. [С. Б. Рассадин. Книга прощаний. Воспоминания о друзьях и не только о них (2004-2008)] [омонимия не снята]
 и огокдалс анемес ьтавергорп теуделс; огортсо ;следует прогревать семена сладкого и ; острого ; ; перцев.;В. Дадыкин. Урожай с гарантией // «Наука и жизнь», 2007;В. Дадыкин;;Урожай с гарантией;2007;нехудожественная, публицистика;статья;сельское хозяйство;«Наука и жизнь»;2007;журнал;омонимия не снята;Из-за угрозы потери всхожести не следует прогревать семена сладкого и острого перцев. [В. Дадыкин. Урожай с гарантией // «Наука и жизнь», 2007] [омонимия не снята]
 доп ,мыннаворижагна олыб еитяирпореМ; йыртсо ;Мероприятие было ангажированным, под ; острый ; ; соус и великолепные отбивные нарождающаяся;Евгений Сухов. Делу конец ― сроку начало (2007);Евгений Сухов;1959;Делу конец ― сроку начало;2007;художественная;роман;_;;;книга;омонимия не снята;Мероприятие было ангажированным, под острый соус и великолепные отбивные нарождающаяся партия с импровизированной трибуны хотела запустить бациллу политики в светлые умы. [Евгений Сухов. Делу конец ― сроку начало (2007)] [омонимия не снята]
 доп уничилев юуньларутан в ивреч; мыртсо ;черви в натуральную величину под ; острым ; ; соусом Яд гюрзы.;Ирина Краева. Тим и Дан, или Тайна «Разбитой коленки»: сказочная повесть (2007);Ирина Краева;1966;Тим и Дан, или Тайна «Разбитой коленки»: сказочная повесть;2007;художественная;сказка;_;;;книга;омонимия не снята;Замечу, однако, что самым изысканным блюдом почитались здесь свиные мозги в собственном соку, грудой наваленные на перевернутый панцирь черепахи, а гарниром к ним предполагались дождевые черви в натуральную величину под острым соусом Яд гюрзы. [Ирина Краева. Тим и Дан, или Тайна «Разбитой коленки»: сказочная повесть (2007)] [омонимия не снята]
 ,иманомил или имацруго имынёлос с; еыртсо ;с солёными огурцами или лимонами, ; острые ; ; соусы с пряностями, каши, студень,;Леонид Выскочков. Дебош с дамами и питьё непрестанное (2007) // «Родина», 2011;Леонид Выскочков;1947;Дебош с дамами и питьё непрестанное;2007;нехудожественная, публицистика;статья;искусство и культура, история;«Родина»;2011;журнал;омонимия не снята;Обычно это были щи, жаркое, свинина в сметанном соусе, солонина и ветчина, холодное мясо с солёными огурцами или лимонами, острые соусы с пряностями, каши, студень, паштет, овощи, зелёный горошек. [Леонид Выскочков. Дебош с дамами и питьё непрестанное (2007) // «Родина», 2011] [омонимия не снята]
 окьлот ьтивотог тедуб равоп йеС; еыртсо ;Сей повар будет готовить только ; острые ; ; блюда».;Е. З. Кармазин. Один дьявол о другом (2006.02.04) // «Наша страна» (Аргентина), 2006;Е. З. Кармазин;1919;Один дьявол о другом;2006.02.04;нехудожественная, публицистика;статья;история, политика и общественная жизнь;«Наша страна» (Аргентина);2006;газета;омонимия не снята;Троцкий передает еще одну фразу Ленина о Сталине, сказанную в 1922 году: « Сей повар будет готовить только острые блюда». [Е. З. Кармазин. Один дьявол о другом (2006.02.04) // «Наша страна» (Аргентина), 2006] [омонимия не снята]
 инелок ан лилорп тнаицифо дазан; йыртсо ;назад официант пролил на колени ; острый ; ; соус.;Турецкий Том Сойер // «Знание - сила», 2006;;;Турецкий Том Сойер;2006;нехудожественная, публицистика;заметка;бизнес, коммерция, экономика, финансы, право, природа, путешествия, сельское хозяйство;«Знание - сила»;2006;журнал;омонимия не снята;Индийский суд предписал владельцам одного из ресторанов сети Niruia' s Snack Bar выплатить 1 рупию ( около 2 центов) в качестве возмещения ущерба господину Житендеру Мохану Гупты, которому шестнадцать лет назад официант пролил на колени острый соус. [Турецкий Том Сойер // «Знание - сила», 2006] [омонимия не снята]
 йынсарК; йыртсо ;Красный ; острый ; ; перец, попадая на язык, вызывает;Почему от чили горит во рту? // «Вокруг света», 2004.07.15;;;Почему от чили горит во рту?;2004;нехудожественная, публицистика;заметка;здоровье и медицина;«Вокруг света»;2004.07.15;журнал;омонимия не снята;Красный острый перец, попадая на язык, вызывает « пожар» во рту из-за содержащегося в этой специи вещества капсаицина, стимулирующего чувствительную систему рецепторов тройничного нерва, которые находятся в обонятельном эпителии. [Почему от чили горит во рту? // «Вокруг света», 2004.07.15] [омонимия не снята]
 адгок ьшил ,тидоху еинежж еоньлиС; йыртсо ;Сильное жжение уходит, лишь когда ; острый ; ; перец достигает пищевода, в котором;Почему от чили горит во рту? // «Вокруг света», 2004.07.15;;;Почему от чили горит во рту?;2004;нехудожественная, публицистика;заметка;здоровье и медицина;«Вокруг света»;2004.07.15;журнал;омонимия не снята;Сильное жжение уходит, лишь когда острый перец достигает пищевода, в котором находится гораздо меньше С- волокон. [Почему от чили горит во рту? // «Вокруг света», 2004.07.15] [омонимия не снята]
 и микдалс ынелварпирп ежу )г; мыртсо ;г) уже приправлены сладким и ; острым ; ; перцем, репчатым луком, и уксусом,;Ресторан на дому: устроим праздник для любимых друзей! // «Даша», 2004;;;Ресторан на дому: устроим праздник для любимых друзей!;2004;нехудожественная, реклама;рецепт;дом и домашнее хозяйство;«Даша»;2004;журнал;омонимия не снята;Мидии от датской фирмы Lico ( 340 г) уже приправлены сладким и острым перцем, репчатым луком, и уксусом, которые придадут салату остроту. [Ресторан на дому: устроим праздник для любимых друзей! // «Даша», 2004] [омонимия не снята]
 мокшилс тивотог равоп тотЭ «; еыртсо ;« Этот повар готовит слишком ; острые ; ; блюда»: ;Александр Братерский. Норвежская рыба стала звездой кулинарного техникума // «Известия», 2003.02.06;Александр Братерский;;Норвежская рыба стала звездой кулинарного техникума;2003;нехудожественная, публицистика;статья;политика и общественная жизнь;«Известия»;2003.02.06;газета;омонимия не снята;Доброе слово о русской кухне замолвил сам глава конкурса, главный французский кулинар Поль Бокюз, с сожалением вспомнив о правлении мастера политической кулинарии, о способностях которого нелестно отзывался и Ленин: « Этот повар готовит слишком острые блюда»:  [Александр Братерский. Норвежская рыба стала звездой кулинарного техникума // «Известия», 2003.02.06] [омонимия не снята]
 в ьтиражоп или ьтиравто отсорП; мортсо ;Просто отварить или пожарить в ; остром ; ; соусе ― с луком, с;Александр Мишарин. Белый, белый день // «Октябрь», 2003;Александр Мишарин;;Белый, белый день;2003;художественная;роман;_;«Октябрь»;2003;журнал;омонимия не снята;Просто отварить или пожарить в остром соусе ― с луком, с томатами, с барбарисом. [Александр Мишарин. Белый, белый день // «Октябрь», 2003] [омонимия не снята]
 огонсарк акчуртс 2 ,атсил хыворвал; огортсо ;лавровых листа, 2 стручка красного ; острого ; ; перца, 10 гвоздик и 5-;Е. Ленская, Е. Фролов. Стратегические припасы // «Сельская новь», 2003.09.16;Е. Ленская, Е. Фролов;;Стратегические припасы;2003;нехудожественная, публицистика;рецепт;дом и домашнее хозяйство;«Сельская новь»;2003.09.16;журнал;омонимия не снята;Перед укладкой капусты в литровую банку положите 2 лавровых листа, 2 стручка красного острого перца, 10 гвоздик и 5- 6 горошин черного перца. [Е. Ленская, Е. Фролов. Стратегические припасы // «Сельская новь», 2003.09.16] [омонимия не снята]
 с асям г 004 ; мыртсо ; 400 г мяса с ; острым ; ; соусом, красным перцем и фасолью;Стройность за 6 недель // «100% здоровья», 2003.02.14;;;Стройность за 6 недель;2003;нехудожественная, публицистика;статья;здоровье и медицина;«100% здоровья»;2003.02.14;журнал;омонимия не снята;6)  400 г мяса с острым соусом, красным перцем и фасолью с рисом и салатом. [Стройность за 6 недель // «100% здоровья», 2003.02.14] [омонимия не снята]
 отэ ,огесв еджерП; йыртсо ;Прежде всего, это ; острый ; ; соус из сцен насилия, сам;Читая Бориса Акунина // «Вестник США», 2003.07.23;;;Читая Бориса Акунина;2003;нехудожественная, публицистика;статья;искусство и культура;«Вестник США»;2003.07.23;газета;омонимия не снята;Прежде всего, это острый соус из сцен насилия, сам я человек мирный, но, знаю, читателю они щекочут нервы. [Читая Бориса Акунина // «Вестник США», 2003.07.23] [омонимия не снята]
 ьнечо ен ,ерем йенйарк оп; юуртсо ;по крайней мере, не очень ; острую ;) ; горчицу, а также плетеный крендель;Анатолий Гендин. Бабушка американского хот-дога. Франкфуртской колбаске исполнилось 515 лет // «Известия», 2002.10.02;Анатолий Гендин;;Бабушка американского хот-дога. Франкфуртской колбаске исполнилось 515 лет;2002;нехудожественная, публицистика;статья;политика и общественная жизнь;«Известия»;2002.10.02;газета;омонимия не снята;Если вам захотелось устроить себе настоящий баварский завтрак, отварите несколько свежих белых мюнхенских колбасок в зеленую крапинку и приготовьте сладкую ( или, по крайней мере, не очень острую) горчицу, а также плетеный крендель с крупными кристаллами соли на румяной корочке ( немцы называют его « бретцель»). [Анатолий Гендин. Бабушка американского хот-дога. Франкфуртской колбаске исполнилось 515 лет // «Известия», 2002.10.02] [омонимия не снята]
 а ,йытсишуд йымас кешорог йытсишуд; йыртсо ;душистый горошек самый душистый, а ; острый ; ; перец ― самый острый.;Юлия Пешкова. Пустили сэра в огород // «Домовой», 2002.08.04;Юлия Пешкова;;Пустили сэра в огород;2002;нехудожественная, публицистика;статья;частная жизнь;«Домовой»;2002.08.04;журнал;омонимия не снята;И не дай вам бог иронично улыбнуться или усомниться в том, что его душистый горошек самый душистый, а острый перец ― самый острый. [Юлия Пешкова. Пустили сэра в огород // «Домовой», 2002.08.04] [омонимия не снята]
 в телмаГ « иалокиН одьлА; мортсо ;Альдо Николаи « Гамлет в ; остром ; ; соусе» ( постановка Петра Штейна).;Между // «Известия», 2002.09.01;;;Между;2002;нехудожественная, публицистика;статья;искусство и культура;«Известия»;2002.09.01;газета;омонимия не снята;Пока он только раскачивается ― на следующей неделе Театр имени Гоголя покажет сигаревское « Черное молоко» ( режиссер Сергей Яшин), а во МХАТе имени Чехова пройдет пьеса Альдо Николаи « Гамлет в остром соусе» ( постановка Петра Штейна). [Между // «Известия», 2002.09.01] [омонимия не снята]
 отэ ― илиЧ; йыртсо ;Чили ― это ; острый ; ; соус, я знаю, ― бесцеремонно;Александр Богдан, Геннадий Прашкевич. Человек «Ч» (2001);Александр Богдан, Геннадий Прашкевич;;Человек «Ч»;2001;художественная;роман;_;;;книга;омонимия не снята;Чили ― это острый соус, я знаю, ― бесцеремонно заявила опьяневшая Нюрка. [Александр Богдан, Геннадий Прашкевич. Человек «Ч» (2001)] [омонимия не снята]
 ил от ,ьворк ил от; йыртсо ;то ли кровь, то ли ; острый ; ; соус.;Александр Богдан, Геннадий Прашкевич. Человек «Ч» (2001);Александр Богдан, Геннадий Прашкевич;;Человек «Ч»;2001;художественная;роман;_;;;книга;омонимия не снята;И как один из трех пожилых интеллигентных индусов, вскрикнув, перевернулся вместе со стулом, стирая со столика белыми одеяниями то ли кровь, то ли острый соус. [Александр Богдан, Геннадий Прашкевич. Человек «Ч» (2001)] [омонимия не снята]
 доп убыр юундолох ,имянемьлеп имытавоклем; мыртсо ;мелковатыми пельменями, холодную рыбу под ; острым ; ; соусом, две тарелочки рубленой говядины;Валериан Скворцов. Каникулы вне закона (2001);Валериан Скворцов;1935;Каникулы вне закона;2001;художественная;роман;_;;;книга;омонимия не снята;Без аппетита мы съели остывший суп с мелковатыми пельменями, холодную рыбу под острым соусом, две тарелочки рубленой говядины и свинины, куриные крылышки и выпили еще по кружке « Будвайзера». [Валериан Скворцов. Каникулы вне закона (2001)] [омонимия не снята]
 окьлот иитрап ьтивотог тедуб равоп; еыртсо ;повар будет готовить партии только ; острые ; ; блюда».;Борис Ефимов. Десять десятилетий (2000);Борис Ефимов;1900;Десять десятилетий;2000;нехудожественная, публицистика;мемуары;_;;;книга;омонимия не снята;Владимир Ильич как-то сказал по адресу товарища Сталина: « Сей повар будет готовить партии только острые блюда». [Борис Ефимов. Десять десятилетий (2000)] [омонимия не снята]
 юлбюл я ,огечиН; еыртсо ;Ничего, я люблю ; острые ; ; блюда, ― улыбнулся он.;Виктор Доценко. Тридцатого уничтожить! (2000);Виктор Доценко;1946;Тридцатого уничтожить!;2000;художественная;роман;_;;;книга;омонимия не снята;Ничего, я люблю острые блюда, ― улыбнулся он. [Виктор Доценко. Тридцатого уничтожить! (2000)] [омонимия не снята]
 в едг ,юлюртсак »икретсеш «; мортсо ;« шестерки» кастрюлю, где в ; остром ; ; соусе плавали куски жареного мяса.;Виктор Мясников. Водка (2000);Виктор Мясников;1956;Водка;2000;художественная;роман;_;;;книга;омонимия не снята;Мамед выгрузил из багажника своей « шестерки» кастрюлю, где в остром соусе плавали куски жареного мяса. [Виктор Мясников. Водка (2000)] [омонимия не снята]
 и мерибми с ― еокат; мыртсо ;такое ― с имбирем и ; острым ; ; перцем.;Петр Акимов. Плата за страх (2000);Петр Акимов;;Плата за страх;2000;художественная;роман;_;;;книга;омонимия не снята;Мясо такое ― с имбирем и острым перцем. [Петр Акимов. Плата за страх (2000)] [омонимия не снята]
 мынсарк ьтиварпаз метаз ,туним 02; мыртсо ;20 минут, затем заправить красным ; острым ; ; перцем.;Что у нас на обед (2000);;;Что у нас на обед;2000;бытовая, нехудожественная;рецепт;дом и домашнее хозяйство;;;книга;омонимия не снята;После добавления оттяжки бульон нагреть до кипения и варить в течение 15- 20 минут, затем заправить красным острым перцем. [Что у нас на обед (2000)] [омонимия не снята]
 йынсарк ьтивабод ытортсо йешьлоб ялд; йыртсо ;для большей остроты добавить красный ; острый ; ; перец.;Что у нас на обед (2000);;;Что у нас на обед;2000;бытовая, нехудожественная;рецепт;дом и домашнее хозяйство;;;книга;омонимия не снята;"Сыр натереть на терке и смешать с томатом- пастой, яйцом и маслом; для большей остроты добавить красный острый перец. [Что у нас на обед (2000)] [омонимия не снята]"
 ,адалокош то ,ефок ,яач огокперк; хыртсо ;крепкого чая, кофе, от шоколада, ; острых ; ; блюд и, конечно, алкогольных напитков.;Владимир Шахиджанян. 1001 вопрос про ЭТО (№№ 1-500) (1999);Владимир Шахиджанян;1940;1001 вопрос про ЭТО (№№ 1-500);1999;нехудожественная, учебно-научная;учебное пособие;здоровье и медицина;;;книга;омонимия не снята;Половое возбуждение усиливается после крепкого чая, кофе, от шоколада, острых блюд и, конечно, алкогольных напитков. [Владимир Шахиджанян. 1001 вопрос про ЭТО (№№ 1-500) (1999)] [омонимия не снята]
 ,итсонярп оген зи вичюлкси ,яинатип; еыртсо ;питания, исключив из него пряности, ; острые ; ; блюда, скорректировать режим дня, добавить;Владимир Шахиджанян. 1001 вопрос про ЭТО (№№ 1-500) (1999);Владимир Шахиджанян;1940;1001 вопрос про ЭТО (№№ 1-500);1999;нехудожественная, учебно-научная;учебное пособие;здоровье и медицина;;;книга;омонимия не снята;Может быть, для этого стоит изменить рацион питания, исключив из него пряности, острые блюда, скорректировать режим дня, добавить физической нагрузки, чаще обливаться холодной водой. [Владимир Шахиджанян. 1001 вопрос про ЭТО (№№ 1-500) (1999)] [омонимия не снята]
" в еынераж ;авилсонреч апит имадогя"; мортсо ;"ягодами типа чернослива; жареные в "; остром ; ; соусе « коконы», типа бобов,;Ирина Соколова. Бабочки летают (заметки о Тайване) (1999);Ирина Соколова;;Бабочки летают (заметки о Тайване);1999;нехудожественная, публицистика;монография;путешествия;;;электронный текст;омонимия не снята;"Состав, например, таков: салат из кукурузы, фасоли, проростков маша, ветчины; тушеная травка со стебельками; большая свиная отбивная, запеченная в фольге; копченая свинина мелкими кусочками, тушеная с ягодами типа чернослива; жареные в остром соусе « коконы», типа бобов, с чесноком; вареный рис. [Ирина Соколова. Бабочки летают (заметки о Тайване) (1999)] [омонимия не снята]"
 с абыр яарыс ( имисас; мыртсо ;сасими ( сырая рыба с ; острым ; ; соусом).;Ирина Соколова. Бабочки летают (заметки о Тайване) (1999);Ирина Соколова;;Бабочки летают (заметки о Тайване);1999;нехудожественная, публицистика;монография;путешествия;;;электронный текст;омонимия не снята;"Между основными блюдами приносят более легкие закуски в виде подсоленных с красным перцем свежих огурцов или плодов лотоса, приправленных крахмальным соусом; а также сасими ( сырая рыба с острым соусом). [Ирина Соколова. Бабочки летают (заметки о Тайване) (1999)] [омонимия не снята]"
 ястеялвабод ,алсам огонмен ястеавилан леток; йыртсо ;котел наливается немного масла, добавляется ; острый ; ; соус и зеленый лук ―;Ирина Соколова. Бабочки летают (заметки о Тайване) (1999);Ирина Соколова;;Бабочки летают (заметки о Тайване);1999;нехудожественная, публицистика;монография;путешествия;;;электронный текст;омонимия не снята;В котел наливается немного масла, добавляется острый соус и зеленый лук ― обжаривается. [Ирина Соколова. Бабочки летают (заметки о Тайване) (1999)] [омонимия не снята]
 ― окат кинтупс йыннемерпеН; йыртсо ;Непременный спутник тако ― ; острый ; ; соус на основе томата и;Н. В. Карпова. Письмо из Америки об американской кухне (1999);Н. В. Карпова;;Письмо из Америки об американской кухне;1999;бытовая, нехудожественная;письмо;дом и домашнее хозяйство;;;электронный текст;омонимия не снята;Непременный спутник тако ― острый соус на основе томата и красного перца. [Н. В. Карпова. Письмо из Америки об американской кухне (1999)] [омонимия не снята]
 огонсарк г 51 ,арахас г; огортсо ;г сахара, 15 г красного ; острого ; ; перца, 10 г черного перца.;Т. А. Гаврилова, Т. М. Воробьева. Домашнее консервирование (1999);Т. А. Гаврилова, Т. М. Воробьева;;Домашнее консервирование;1999;нехудожественная, публицистика;монография;дом и домашнее хозяйство;;;книга;омонимия не снята;На 6, 5 кг помидоров ― 600 г репчатого лука, 4 кг моркови, 250 г кореньев пастернака, 130 г кореньев петрушки, 130 г кореньев сельдерея, по 50 г зелени укропа, петрушки, сельдерея, 100 г соли, 100 г сахара, 15 г красного острого перца, 10 г черного перца. [Т. А. Гаврилова, Т. М. Воробьева. Домашнее консервирование (1999)] [омонимия не снята]
 мокшилс ьтивотог огещябюл ,аравоп «; еыртсо ;« повара, любящего готовить слишком ; острые ; ; блюда» ( слова Ленина), вызывали;Юрий Елагин. Темный гений (1998);Юрий Елагин;1910;Темный гений;1998;нехудожественная, публицистика;биография;_;;;книга;омонимия не снята;Продолжавшиеся интриги и жульнические маневры « повара, любящего готовить слишком острые блюда» ( слова Ленина), вызывали возмущение со стороны большинства старых ленинских соратников. [Юрий Елагин. Темный гений (1998)] [омонимия не снята]
 ьтичюлкси теуделс аноицар зи А; еыртсо ;А из рациона следует исключить ; острые ; ; блюда, мед, шоколад, другие сладости,;С. Масюкова. Чирий // «Здоровье», 1997.12.15;С. Масюкова;;Чирий;1997;нехудожественная, публицистика;статья;здоровье и медицина;«Здоровье»;1997.12.15;журнал;омонимия не снята;А из рациона следует исключить острые блюда, мед, шоколад, другие сладости, картофель. [С. Масюкова. Чирий // «Здоровье», 1997.12.15] [омонимия не снята]
 с икшепел еынсям итэ мат; мыртсо ;там эти мясные лепешки с ; острым ; ; соусом особенно хороши.;Афиша // «Столица», 1997.06.10;;;Афиша;1997;нехудожественная, публицистика;обзор;досуг, зрелища и развлечения;«Столица»;1997.06.10;журнал;омонимия не снята;Именно там эти мясные лепешки с острым соусом особенно хороши. [Афиша // «Столица», 1997.06.10] [омонимия не снята]
 и хынриж зеб ― юущядащ; хыртсо ;щадящую ― без жирных и ; острых ; ; блюд, жареного и консервов, полезнее;[Советы] // «Работница», 1988;;;[Советы];1988;нехудожественная, публицистика;совет;здоровье и медицина;«Работница»;1988;журнал;омонимия не снята;А вот диету введите щадящую ― без жирных и острых блюд, жареного и консервов, полезнее всего молочно- растительная пища. [[Советы] // «Работница», 1988] [омонимия не снята]
 ещялап то ьсащром ,я лазакс; йортсо ;сказал я, морщась от паляще ; острой ; ; горчицы.;Аркадий Вайнер, Георгий Вайнер. Лекарство против страха (1987);Аркадий Вайнер, Георгий Вайнер;1931 | 1938;Лекарство против страха;1987;художественная;роман;_;;;книга;омонимия не снята;Я узнал, чьи эти деньги, а это уже немало, ― спокойно сказал я, морщась от паляще острой горчицы. [Аркадий Вайнер, Георгий Вайнер. Лекарство против страха (1987)] [омонимия не снята]
 еелоб онелвотогирп сачйес отч ,онечюлкси; еортсо ;исключено, что сейчас приготовлено более ; острое ; ; блюдо.;Ю. М. Нагибин. Один на один (1972-1979);Ю. М. Нагибин;1920;Один на один;1972-1979;художественная;повесть;_;;;книга;омонимия не снята;В первые его приезды месть каудильо проявилась в полном пренебрежении властей к заядлому республиканцу, не исключено, что сейчас приготовлено более острое блюдо. [Ю. М. Нагибин. Один на один (1972-1979)] [омонимия не снята]
 мелетибюл лыб ен укьлоксоп ,имятсонбордоп; хыртсо ;подробностями, поскольку не был любителем ; острых ; ; блюд.;Ю. М. Нагибин. Перед твоим престолом (1972-1979);Ю. М. Нагибин;1920;Перед твоим престолом;1972-1979;художественная;рассказ;_;;;книга;омонимия не снята;Но то ли Вильгельм Фридеман не все рассказал Форкелю, то ли сдержанный профессор сам пожертвовал некоторыми подробностями, поскольку не был любителем острых блюд. [Ю. М. Нагибин. Перед твоим престолом (1972-1979)] [омонимия не снята]
 и ыварт еичухап ,халетрев ан; еыртсо ;на вертелах, пахучие травы и ; острые ; ; соусы, крепкий кофе в медных;Ю. М. Нагибин. Трое и одна и еще один (1972-1979);Ю. М. Нагибин;1920;Трое и одна и еще один;1972-1979;художественная;рассказ;_;;;книга;омонимия не снята;Хорошо бы окатиться холодной водой, надеть легкий костюм из холстинки и спуститься в духан, где пресные лепешки и кислое вино, молодая баранина на вертелах, пахучие травы и острые соусы, крепкий кофе в медных кувшинчиках, но лучше перемочь это желание и взамен соблазнительных яств принять еще таблетку снотворного, избавляющего от голода и жажды. [Ю. М. Нагибин. Трое и одна и еще один (1972-1979)] [омонимия не снята]
 ,унноброС ,жираП алибюл он ,юицаргимэ; еыртсо ;эмиграцию, но любила Париж, Сорбонну, ; острые ; ; блюда и острые разговоры французской;Н. И. Гаген-Торн. Memoria (1936-1979);Н. И. Гаген-Торн;1900;Memoria;1936-1979;нехудожественная, публицистика;мемуары;_;;;книга;омонимия не снята;Она не любила эмиграцию, но любила Париж, Сорбонну, острые блюда и острые разговоры французской интеллигенции. [Н. И. Гаген-Торн. Memoria (1936-1979)] [омонимия не снята]
 доп талас тотэ тов елачанВ; мыртсо ;Вначале вот этот салат под ; острым ; ; соусом.;Сергей Жемайтис. Большая лагуна (1977);Сергей Жемайтис;1908;Большая лагуна;1977;художественная;роман;_;;;книга;омонимия не снята;Вначале вот этот салат под острым соусом. [Сергей Жемайтис. Большая лагуна (1977)] [омонимия не снята]
« окьлот либюл фогнеираМ; еыртсо ;Мариенгоф любил только «; острые ; ; блюда» в стихах.;Рюрик Ивнев. У подножия Мтацминды (1973);Рюрик Ивнев;1891;У подножия Мтацминды;1973;художественная;повесть;_;;;книга;омонимия не снята;Мариенгоф любил только «острые блюда» в стихах. [Рюрик Ивнев. У подножия Мтацминды (1973)] [омонимия не снята]
 моксечитсиланоицан о ьтатчем теаничан гурдв; мортсо ;вдруг начинает мечтать о националистическом ; остром ; ; соусе к своей безликой стряпне.;В. Чалмаев. Чувство семьи единой // «Огонек». № 11, 1970;В. Чалмаев;;Чувство семьи единой;1970;нехудожественная, публицистика;статья;искусство и культура, история, политика и общественная жизнь;«Огонек». № 11;1970;журнал;омонимия не снята;Вчерашний поборник герметизации легко становится с изменением моды и ситуации « гражданином мира», и, наоборот, догматик модернизма вдруг начинает мечтать о националистическом остром соусе к своей безликой стряпне. [В. Чалмаев. Чувство семьи единой // «Огонек». № 11, 1970] [омонимия не снята]
 театичопдерп йогурд а ,ацреп зеб; еыртсо ;без перца, а другой предпочитает ; острые ; ; соусы и приправы грузинской кухни.;М. Черников. Север и юг: контрасты питания // «Химия и жизнь», 1969;М. Черников;;Север и юг: контрасты питания;1969;нехудожественная, публицистика;статья;здоровье и медицина, легкая и пищевая промышленность, производство;«Химия и жизнь»;1969;журнал;омонимия не снята;Одному нравится есть пищу пресную и без перца, а другой предпочитает острые соусы и приправы грузинской кухни. [М. Черников. Север и юг: контрасты питания // «Химия и жизнь», 1969] [омонимия не снята]
 ,аколом г 004 ,икум г; йыртсо ;г муки, 400 г молока, ; острый ; ; соус, немного готовой горчицы, соль,;Марьинский А., Разбегаев А. Приглашение к столу // «Химия и жизнь», 1968;Марьинский А., Разбегаев А;;Приглашение к столу;1968;нехудожественная, публицистика;статья;легкая и пищевая промышленность, производство;«Химия и жизнь»;1968;журнал;омонимия не снята;60 г макарон, 30 г масла, 30 г муки, 400 г молока, острый соус, немного готовой горчицы, соль, 100 г тертого сыра. [Марьинский А., Разбегаев А. Приглашение к столу // «Химия и жизнь», 1968] [омонимия не снята]
 икжол йонйач олоко тюялвабирп ,яинепик; огортсо ;кипения, прибавляют около чайной ложки ; острого ; ; соуса, немного готовой горчицы и;Марьинский А., Разбегаев А. Приглашение к столу // «Химия и жизнь», 1968;Марьинский А., Разбегаев А;;Приглашение к столу;1968;нехудожественная, публицистика;статья;легкая и пищевая промышленность, производство;«Химия и жизнь»;1968;журнал;омонимия не снята;Доведя до кипения, прибавляют около чайной ложки острого соуса, немного готовой горчицы и соли и кипятят 10 минут. [Марьинский А., Разбегаев А. Приглашение к столу // «Химия и жизнь», 1968] [омонимия не снята]
 ,ытопмок еывоткурф ( ывреснок »еынвиссерга; еыртсо ;агрессивные» консервы ( фруктовые компоты, ; острые ; ; соусы) наиболее стойкую жесть.;П. Гинер. Рыцари консервной банки // «Химия и жизнь», 1968;П. Гинер;;Рыцари консервной банки;1968;нехудожественная, публицистика;статья;наука и технологии, производство, химия;«Химия и жизнь»;1968;журнал;омонимия не снята;Сортировка жести по качеству покрытия позволяет направлять для изготовления банок под наиболее « агрессивные» консервы ( фруктовые компоты, острые соусы) наиболее стойкую жесть. [П. Гинер. Рыцари консервной банки // «Химия и жизнь», 1968] [омонимия не снята]
 еикснакискем ман тясонирп хаклерат хиксолп; еыртсо ;плоских тарелках приносят нам мексиканские ; острые ; ; блюда, мексиканский хлеб, напоминающий кавказский;Н. Н. Берберова. Курсив мой (1960-1966);Н. Н. Берберова;1901;Курсив мой;1960-1966;художественная;роман;искусство и культура;;;книга;омонимия не снята;На громадных плоских тарелках приносят нам мексиканские острые блюда, мексиканский хлеб, напоминающий кавказский лаваш, текилу в крошечных дымчатых стаканчиках, и я пишу вечером письмо в Париж о том, что до сего дня в Америке еще не встретила ни одного миллионера, ни одного гангстера, ни одного бейсболиста, ни одного саксофониста… и только двух голливудских актеров. [Н. Н. Берберова. Курсив мой (1960-1966)] [омонимия не снята]
« окьлот либюл фогнеираМ; еыртсо ;Мариенгоф любил только «; острые ; ; блюда» в стихах.;Рюрик Ивнев. О Сергее Есенине (1926-1964);Рюрик Ивнев;1891;О Сергее Есенине;1926-1964;нехудожественная, публицистика;мемуары;искусство и культура, частная жизнь;;;книга;омонимия не снята;Мариенгоф любил только «острые блюда» в стихах. [Рюрик Ивнев. О Сергее Есенине (1926-1964)] [омонимия не снята]
 иинешуквдерп В; огортсо ;В предвкушении ; острого ; ; блюда собрание так и подалось;Л. М. Леонов. Вор. Части 1-2 (1927-1959);Л. М. Леонов;1899;Вор. Части 1-2;1927-1959;художественная;роман;_;;;книга;омонимия не снята;В предвкушении острого блюда собрание так и подалось в сторону Вьюги, многие и про смородину забыли, а Бундюков даже привстал, увеличив площадь уха приложенной ладонью, чтобы попозже поделиться удовольствием со своею временно отсутствующею супругой. [Л. М. Леонов. Вор. Части 1-2 (1927-1959)] [омонимия не снята]
 еинелбертопу еотсач ,ищип йондолох ьнечо; хыртсо ;очень холодной пищи, частое употребление ; острых ; ; блюд и пряностей, хронические отравления;А. И. Серебров. Профилактика рака // «Наука и жизнь», 1953;А. И. Серебров;;Профилактика рака;1953;нехудожественная, учебно-научная;статья;здоровье и медицина;«Наука и жизнь»;1953;журнал;омонимия не снята;Развитию гастритов, например, способствуют расстройство жевательного аппарата ( гнилые зубы или отсутствие зубов), хронические воспалительные заболевания десен, слизистой оболочки рта, глотки, гортани и носа, торопливая еда, прием очень горячей или очень холодной пищи, частое употребление острых блюд и пряностей, хронические отравления недоброкачественными продуктами или ядами и т. д. [А. И. Серебров. Профилактика рака // «Наука и жизнь», 1953] [омонимия не снята]
 огонреч огоксйатик йоквилдоп с имянемьлеп; огортсо ;пельменями с подливкой китайского черного ; острого ; ; соуса, изготовляемого из соевых бобов.;В. А. Обручев. В дебрях Центральной Азии (1951);В. А. Обручев;1863;В дебрях Центральной Азии;1951;художественная;роман;_;;;книга;омонимия не снята;К ночи вернулись с пастбища наши мальчики с верблюдами, и после тревожного дня мы спокойно поужинали пельменями с подливкой китайского черного острого соуса, изготовляемого из соевых бобов. [В. А. Обручев. В дебрях Центральной Азии (1951)] [омонимия не снята]
 доп ажрапс ,циртсу одюлб ,ичид; мыртсо ;дичи, блюдо устриц, спаржа под ; острым ; ; соусом, редкие фрукты в серебряной;Роберт Штильмарк. Наследник из Калькутты (1950-1951);Роберт Штильмарк;1909;Наследник из Калькутты;1950-1951;художественная;роман;_;;;книга;омонимия не снята;Огромная рыба с устрашающей мордой, бутылки с сухими испанскими винами, паштет из дичи, блюдо устриц, спаржа под острым соусом, редкие фрукты в серебряной вазе, горьковатое миндальное печенье и сыр четырех сортов ― вся эта благодать несколько смягчила постное, должностное выражение лиц обоих чиновников. [Роберт Штильмарк. Наследник из Калькутты (1950-1951)] [омонимия не снята]
 и хынсукв о ьтировогоп и; хыртсо ;и поговорить о вкусных и ; острых ; ; блюдах ― селедочки с гарниром,;С. Вишенков. Испытатели (1947);С. Вишенков;1922;Испытатели;1947;художественная;повесть;_;;;книга;омонимия не снята;И выходило так, что летчики собирались за столом лишь для того, чтобы с сожалением вспомнить и поговорить о вкусных и острых блюдах ― селедочки с гарниром, салате « весна», паюсной икре или харчо, которое им приходилось есть дома. [С. Вишенков. Испытатели (1947)] [омонимия не снята]
 йищявотог ,равоп ― ыВ; еыртсо ;Вы ― повар, готовящий ; острые ; ; блюда, для нормального человеческого желудка;Ф. Ф. Раскольников. Открытое письмо Сталину (1939);Ф. Ф. Раскольников;1892;Открытое письмо Сталину;1939;нехудожественная, публицистика;открытое письмо;политика и общественная жизнь;;;книга;омонимия не снята;Вы ― повар, готовящий острые блюда, для нормального человеческого желудка они не съедобны. [Ф. Ф. Раскольников. Открытое письмо Сталину (1939)] [омонимия не снята]
 как ,илялварпирп ынищнеж еылижоП; мыртсо ;Пожилые женщины приправляли, как ; острым ; ; соусом, блекнущую красоту необычайностью туалетов.;А. Н. Толстой. Гиперболоид инженера Гарина (1925-1927-1937);А. Н. Толстой;1882;Гиперболоид инженера Гарина;1925-1927-1937;художественная;роман;_;;;книга;омонимия не снята;Пожилые женщины приправляли, как острым соусом, блекнущую красоту необычайностью туалетов. [А. Н. Толстой. Гиперболоид инженера Гарина (1925-1927-1937)] [омонимия не снята]
 еыннелварпирп адутто тядохыв оннемзиен ,хяокоп; мыртсо ;покоях, неизменно выходят оттуда приправленные ; острым ; ; соусом клеветы.;Г. В. Иванов. Книга о последнем царствовании (1933);Г. В. Иванов;1894;Книга о последнем царствовании;1933;художественная;роман;_;;;книга;омонимия не снята;Большинство придворных состоят членами знаменитого аристократического сборища, основанного еще при Николае I. Удивительно другое: дворцовые новости, касающиеся императрицы, побывав в комфортабельных клубных покоях, неизменно выходят оттуда приправленные острым соусом клеветы. [Г. В. Иванов. Книга о последнем царствовании (1933)] [омонимия не снята]
 окьлот ьтивотог тедуб равоп йеС; еыртсо ;Сей повар будет готовить только ; острые ; ; блюда», ― говорил он о;Л. Д. Троцкий. Моя жизнь (1929-1933);Л. Д. Троцкий;1879;Моя жизнь;1929-1933;нехудожественная, публицистика;мемуары;_;;;книга;омонимия не снята;И тем не менее Ленин опасался: « Сей повар будет готовить только острые блюда», ― говорил он о Сталине. [Л. Д. Троцкий. Моя жизнь (1929-1933)] [омонимия не снята]
 мытавотлеж еотилаз ,от-отч еонсукв ле; мыртсо ;ел вкусное что-то, залитое желтоватым ; острым ; ; соусом.;Б. А. Лавренев. Ветер (1924);Б. А. Лавренев;1891;Ветер;1924;художественная;повесть;_;;;книга;омонимия не снята;В промежутках разговора выпивал наливаемую полковником водку и с аппетитом ел вкусное что-то, залитое желтоватым острым соусом. [Б. А. Лавренев. Ветер (1924)] [омонимия не снята]
 микат доп ацйя еыннаворишраф ,екдоровокс; мыртсо ;сковородке, фаршированные яйца под таким ; острым ; ; соусом, какого ты, Егоза Вертихвостовна, от;А. Н. Будищев. Алая зыбь // журнал «Пробуждение» No 5, 1916 г, 1916;А. Н. Будищев;1867;Алая зыбь;1916;художественная;рассказ;_;журнал «Пробуждение» No 5, 1916 г;1916;журнал;омонимия не снята;Будет селянка на сковородке, фаршированные яйца под таким острым соусом, какого ты, Егоза Вертихвостовна, от роду не ела, и земляника со сливками!  [А. Н. Будищев. Алая зыбь // журнал «Пробуждение» No 5, 1916 г, 1916] [омонимия не снята]
 доп йоннесендоперп и хынтроп хиксзуцнарф; мыртсо ;французских портных и преподнесенной под ; острым ; ; соусом нашим модницам.;Наши моды (1915.04.11) // «Раннее утро», 1915;;;Наши моды;1915.04.11;нехудожественная, публицистика;статья;производство, частная жизнь;«Раннее утро»;1915;газета;омонимия не снята;А под вящей французской элегантностью скрывался тип русской нашей одежды, перекроенной и переделанной руками французских портных и преподнесенной под острым соусом нашим модницам. [Наши моды (1915.04.11) // «Раннее утро», 1915] [омонимия не снята]
 мот в еивтсйед еовс ьтавижуранбо; мортсо ;обнаруживать свое действие в том ; остром ; ; соусе, которым обливаются подобные компиляции,;М. Е. Салтыков-Щедрин. Рецензии (1863-1864);М. Е. Салтыков-Щедрин;1826;Рецензии;1863-1864;нехудожественная, публицистика;рецензия;политика и общественная жизнь;;;книга;омонимия не снята;Яд этот должен преимущественно обнаруживать свое действие в том остром соусе, которым обливаются подобные компиляции, в той ехидной преднамеренности, которая высказывается в подборке и сортировке чужих ядов. [М. Е. Салтыков-Щедрин. Рецензии (1863-1864)] [омонимия не снята]
